{"cameraMode":{"drawMode":0,"name":"Shaded","section":"Shading Mode"},"sceneLighting":true,"audioPlay":false,"sceneViewState":{"showFog":true,"showMaterialUpdate":false,"showSkybox":true,"showFlares":true,"showImageEffects":true,"showParticleSystems":true},"in2DMode":false,"pivot":{"x":-20.43482208251953,"y":-6.942329406738281,"z":22.06232452392578},"rotation":{"x":0.123108871281147,"y":-0.8424041271209717,"z":0.21717479825019837,"w":0.4775297939777374},"size":52.59880828857422,"orthographic":false}