{"cameraMode":{"drawMode":0,"name":"Shaded","section":"Shading Mode"},"sceneLighting":false,"audioPlay":false,"sceneViewState":{"showFog":true,"showMaterialUpdate":false,"showSkybox":true,"showFlares":true,"showImageEffects":true,"showParticleSystems":true},"in2DMode":false,"pivot":{"x":-3.6198060512542726,"y":3.1989080905914308,"z":-0.6445237398147583},"rotation":{"x":-0.0760321319103241,"y":-0.7121110558509827,"z":-0.07806631922721863,"w":0.6935580372810364},"size":3.2662813663482668,"orthographic":false}